poem_id,master_poem_id
skvr01106730,skvr01208010
skvr01106730,skvr01102840
skvr01103840,skvr01201330
skvr01103840,skvr01102870
skvr01201760,skvr01208450
skvr01201760,skvr01103010
skvr01301940,skvr01107090
skvr01104300,skvr01114220
skvr01104300,skvr01108510
skvr01104960,skvr01100950
skvr01104960,skvr01108760
skvr01212080,skvr01212440
skvr01105800,skvr01100110
skvr01105800,skvr01213520
skvr02102700,skvr02104530
skvr02102700,skvr02104110
skvr02101260,skvr02101150
skvr05112330,skvr05212540
skvr07115890,skvr07226640
skvr07115890,skvr07108631
skvr07115850,skvr07226820
skvr07115850,skvr07108640
skvr07115810,skvr07226720
skvr07115810,skvr07108660
skvr01105740,skvr01100010
skvr01101440,skvr01100020
skvr01105741,skvr01100020
skvr01101441,skvr01100021
skvr01105760,skvr01100040
skvr01105761,skvr01100041
skvr01105790,skvr01100090
skvr01105791,skvr01100091
skvr01113100,skvr01100100
skvr01105820,skvr01100130
skvr01105830,skvr01100140
skvr01105850,skvr01100170
skvr01105860,skvr01100180
skvr01104400,skvr01100210
skvr01104440,skvr01100240
skvr01105180,skvr01100240
skvr01103550,skvr01100300
skvr01105980,skvr01100300
skvr01104500,skvr01100300
skvr01105981,skvr01100301
skvr01208230,skvr01100350
skvr01101640,skvr01100400
skvr01103950,skvr01100420
skvr01106060,skvr01100420
skvr01101660,skvr01100450
skvr01102470,skvr01100450
skvr01106120,skvr01100490
skvr01114660,skvr01100490
skvr01103980,skvr01100510
skvr01103991,skvr01100542
skvr01104750,skvr01100600
skvr01104760,skvr01100610
skvr01107780,skvr01100720
skvr01103710,skvr01100780
skvr01106390,skvr01100780
skvr01106790,skvr01100780
skvr01102630,skvr01100800
skvr01104880,skvr01100800
skvr01105320,skvr01100800
skvr01113700,skvr01100810
skvr01106451,skvr01100833
skvr01106420,skvr01100860
skvr01101410,skvr01100890
skvr01102690,skvr01100890
skvr01103110,skvr01100890
skvr01105350,skvr01100890
skvr01103430,skvr01100920
skvr01103750,skvr01100920
skvr01104190,skvr01100920
skvr01104930,skvr01100930
skvr01102700,skvr01100940
skvr01105360,skvr01100940
skvr01106480,skvr01100970
skvr01106510,skvr01101020
skvr01101940,skvr01101030
skvr01106540,skvr01101030
skvr01106550,skvr01101050
skvr01106560,skvr01101060
skvr01106610,skvr01101170
skvr01106620,skvr01101200
skvr01106660,skvr01101220
skvr01106680,skvr01101230
skvr01102020,skvr01101270
skvr01100070,skvr01101450
skvr01105780,skvr01101450
skvr01104370,skvr01101490
skvr01100260,skvr01101560
skvr01100261,skvr01101561
skvr01100270,skvr01101570
skvr01105190,skvr01101570
skvr01105920,skvr01101570
skvr01204701,skvr01101620
skvr01102260,skvr01101830
skvr01302700,skvr01101830
skvr01100980,skvr01101900
skvr01111520,skvr01102270
skvr01101840,skvr01102590
skvr01113740,skvr01102640
skvr01100870,skvr01102660
skvr01105370,skvr01102720
skvr01104970,skvr01102730
skvr01120130,skvr01102730
skvr01108180,skvr01102750
skvr01105120,skvr01102801
skvr01201230,skvr01102810
skvr01201240,skvr01102811
skvr01201250,skvr01102830
skvr01201670,skvr01102970
skvr01201700,skvr01102980
skvr01201701,skvr01102981
skvr01201740,skvr01102990
skvr01106350,skvr01103040
skvr01201820,skvr01103040
skvr01100740,skvr01103050
skvr01201860,skvr01103070
skvr01201910,skvr01103090
skvr01201990,skvr01103150
skvr01202000,skvr01103170
skvr01101040,skvr01103180
skvr01101100,skvr01103210
skvr01202050,skvr01103220
skvr01202100,skvr01103250
skvr01101250,skvr01103290
skvr01103460,skvr01103320
skvr01202200,skvr01103320
skvr01202290,skvr01103340
skvr01206500,skvr01103350
skvr01208560,skvr01103420
skvr01208561,skvr01103421
skvr01103910,skvr01103560
skvr01106020,skvr01103570
skvr01105262,skvr01103612
skvr01107600,skvr01103620
skvr01104740,skvr01103640
skvr01104020,skvr01103650
skvr01106200,skvr01103650
skvr01204720,skvr01103680
skvr01101841,skvr01103690
skvr01106380,skvr01103690
skvr01104240,skvr01103790
skvr01106000,skvr01103890
skvr01106030,skvr01103920
skvr01100390,skvr01103940
skvr01106050,skvr01103940
skvr01102540,skvr01104040
skvr01106230,skvr01104040
skvr01106270,skvr01104050
skvr01107900,skvr01104090
skvr01103730,skvr01104150
skvr01103130,skvr01104200
skvr01201970,skvr01104200
skvr01102760,skvr01104220
skvr01106500,skvr01104220
skvr01106710,skvr01104310
skvr01100030,skvr01104330
skvr01105750,skvr01104330
skvr01100050,skvr01104340
skvr01100060,skvr01104350
skvr01105770,skvr01104350
skvr01100080,skvr01104360
skvr01100190,skvr01104380
skvr01105510,skvr01104390
skvr01100200,skvr01104410
skvr01105170,skvr01104420
skvr01105900,skvr01104420
skvr01100220,skvr01104420
skvr01101510,skvr01104420
skvr01103510,skvr01104420
skvr01100230,skvr01104430
skvr01103551,skvr01104501
skvr01102920,skvr01104540
skvr01105230,skvr01104560
skvr01105240,skvr01104580
skvr01100500,skvr01104650
skvr01100530,skvr01104670
skvr01105270,skvr01104690
skvr01105291,skvr01104730
skvr01105292,skvr01104731
skvr01105293,skvr01104732
skvr01105330,skvr01104910
skvr01105331,skvr01104911
skvr01301960,skvr01104940
skvr01109880,skvr01105070
skvr01105470,skvr01105080
skvr01101990,skvr01105090
skvr01105500,skvr01105130
skvr01105990,skvr01105200
skvr01103870,skvr01105200
skvr01101590,skvr01105200
skvr01100310,skvr01105210
skvr01102680,skvr01105340
skvr01105020,skvr01105390
skvr01108390,skvr01105690
skvr01103930,skvr01106040
skvr01103970,skvr01106110
skvr01102490,skvr01106130
skvr01102500,skvr01106140
skvr01102501,skvr01106141
skvr01107640,skvr01106170
skvr01107680,skvr01106190
skvr01102550,skvr01106240
skvr01104780,skvr01106240
skvr01102570,skvr01106300
skvr01201800,skvr01106340
skvr01104080,skvr01106340
skvr01103030,skvr01106340
skvr01108040,skvr01106430
skvr01102710,skvr01106460
skvr01100960,skvr01106470
skvr01100990,skvr01106490
skvr01105400,skvr01106580
skvr01108330,skvr01106580
skvr01101090,skvr01106580
skvr01103450,skvr01106590
skvr01104230,skvr01106640
skvr01105460,skvr01106670
skvr01103800,skvr01106690
skvr01105480,skvr01106690
skvr01101310,skvr01106700
skvr01102800,skvr01106700
skvr01104270,skvr01106700
skvr01103300,skvr01106701
skvr01104271,skvr01106701
skvr01203380,skvr01106720
skvr01101390,skvr01106800
skvr01110800,skvr01106840
skvr01113710,skvr01106940
skvr01108830,skvr01107040
skvr01109100,skvr01107040
skvr01103500,skvr01107050
skvr01108840,skvr01107060
skvr01108860,skvr01107120
skvr01109180,skvr01107120
skvr01108870,skvr01107160
skvr01101520,skvr01107180
skvr01108880,skvr01107180
skvr01103830,skvr01107220
skvr01103831,skvr01107221
skvr01105930,skvr01107240
skvr01109190,skvr01107240
skvr01108910,skvr01107540
skvr01102510,skvr01107580
skvr01104680,skvr01107580
skvr01102511,skvr01107582
skvr01104770,skvr01107710
skvr01100850,skvr01108030
skvr01101400,skvr01108030
skvr01102670,skvr01108070
skvr01100900,skvr01108090
skvr01103740,skvr01108090
skvr01104180,skvr01108090
skvr01104980,skvr01108160
skvr01301850,skvr01108350
skvr01204340,skvr01108370
skvr01104260,skvr01108490
skvr01113410,skvr01108490
skvr01101330,skvr01108530
skvr01103330,skvr01108540
skvr01109050,skvr01108560
skvr01105310,skvr01108710
skvr01108810,skvr01109070
skvr01110040,skvr01109420
skvr01109080,skvr01109570
skvr01103490,skvr01109590
skvr01109110,skvr01109590
skvr01109120,skvr01109600
skvr01109121,skvr01109601
skvr01109160,skvr01109640
skvr01109170,skvr01109650
skvr01109220,skvr01109720
skvr01109230,skvr01109730
skvr01109240,skvr01109740
skvr01109340,skvr01109851
skvr01109330,skvr01109860
skvr01300700,skvr01110090
skvr01300660,skvr01110120
skvr01103810,skvr01110140
skvr01104290,skvr01110140
skvr01300370,skvr01110150
skvr01108520,skvr01110160
skvr01301900,skvr01110170
skvr01103470,skvr01110180
skvr01301120,skvr01111600
skvr01115300,skvr01111870
skvr01102150,skvr01112000
skvr01102250,skvr01112060
skvr01101380,skvr01112910
skvr01104320,skvr01113420
skvr01101240,skvr01114670
skvr01302570,skvr01114730
skvr01102410,skvr01115350
skvr01116460,skvr01115360
skvr01301020,skvr01115540
skvr01104900,skvr01116300
skvr01106530,skvr01117030
skvr01112980,skvr01202030
skvr01301440,skvr01202060
skvr01102420,skvr01202310
skvr01102450,skvr01202530
skvr01218600,skvr01202580
skvr01102600,skvr01202980
skvr01106740,skvr01204950
skvr01106750,skvr01204970
skvr01106760,skvr01204990
skvr01103360,skvr01208120
skvr01106770,skvr01208240
skvr01106360,skvr01211070
skvr01108690,skvr01212330
skvr01108700,skvr01212340
skvr01101420,skvr01212500
skvr01217550,skvr01214280
skvr01107760,skvr01218720
skvr01221620,skvr01221340
skvr01221730,skvr01221380
skvr01221770,skvr01221380
skvr01221520,skvr01221450
skvr01221610,skvr01221500
skvr01221590,skvr01221530
skvr01221650,skvr01221570
skvr01221430,skvr01221600
skvr01222860,skvr01221800
skvr01222010,skvr01221990
skvr01223920,skvr01222110
skvr01221471,skvr01222950
skvr01221480,skvr01223910
skvr01224140,skvr01223940
skvr01224190,skvr01223940
skvr01224490,skvr01224120
skvr01224000,skvr01224210
skvr01224180,skvr01224210
skvr01224770,skvr01224600
skvr01224690,skvr01224700
skvr01224390,skvr01224920
skvr01224110,skvr01225041
skvr02100240,skvr02100020
skvr02103930,skvr02100020
skvr02100870,skvr02100320
skvr02100871,skvr02100321
skvr02102300,skvr02100350
skvr02105900,skvr02100350
skvr02102290,skvr02100360
skvr02100540,skvr02100440
skvr02103080,skvr02100450
skvr02100060,skvr02100590
skvr02101490,skvr02100590
skvr02101500,skvr02100600
skvr02107190,skvr02100600
skvr02106551,skvr02100610
skvr02106830,skvr02100610
skvr02100750,skvr02100630
skvr02106870,skvr02100640
skvr02107270,skvr02100640
skvr02106600,skvr02100670
skvr02107271,skvr02100681
skvr02107310,skvr02100710
skvr02106640,skvr02100730
skvr02107320,skvr02100740
skvr02103880,skvr02100880
skvr02100220,skvr02100900
skvr02101800,skvr02100910
skvr02101810,skvr02100920
skvr02101820,skvr02100940
skvr02100120,skvr02100950
skvr02100150,skvr02100980
skvr02100160,skvr02100990
skvr02103360,skvr02100990
skvr02100180,skvr02101020
skvr07104010,skvr02101040
skvr02100210,skvr02101050
skvr07104230,skvr02101050
skvr07101271,skvr02101050
skvr02101230,skvr02101060
skvr02101530,skvr02101060
skvr02101240,skvr02101080
skvr02101250,skvr02101090
skvr02101251,skvr02101091
skvr02100070,skvr02101120
skvr02101590,skvr02101120
skvr02100650,skvr02101140
skvr02100780,skvr02101140
skvr02101620,skvr02101140
skvr02101210,skvr02101391
skvr02100250,skvr02101430
skvr02103140,skvr02101430
skvr02100130,skvr02101450
skvr02101070,skvr02101540
skvr02100080,skvr02101600
skvr02100760,skvr02101600
skvr02100850,skvr02101600
skvr02101130,skvr02101600
skvr02100290,skvr02101610
skvr02100770,skvr02101610
skvr02100860,skvr02101610
skvr02103841,skvr02101630
skvr02100090,skvr02101730
skvr02100100,skvr02101751
skvr02102440,skvr02101760
skvr02100040,skvr02101770
skvr02103660,skvr02101790
skvr02104100,skvr02101840
skvr02105030,skvr02101860
skvr02105041,skvr02101931
skvr02105042,skvr02101932
skvr02101100,skvr02101950
skvr02103870,skvr02101950
skvr02106810,skvr02101950
skvr02101101,skvr02101961
skvr02106570,skvr02102010
skvr02102270,skvr02102090
skvr02101680,skvr02102170
skvr02101681,skvr02102171
skvr02101682,skvr02102172
skvr02102570,skvr02102190
skvr02102310,skvr02102230
skvr02101700,skvr02102390
skvr02101690,skvr02102400
skvr02102540,skvr02102400
skvr02105890,skvr02102400
skvr02102610,skvr02102450
skvr02100280,skvr02102460
skvr02101990,skvr02102460
skvr02102350,skvr02102460
skvr02101290,skvr02102470
skvr02103720,skvr02102660
skvr02103570,skvr02102960
skvr02103580,skvr02102970
skvr02104160,skvr02102970
skvr02100110,skvr02103130
skvr02100800,skvr02103220
skvr02100811,skvr02103231
skvr02100790,skvr02103240
skvr02100791,skvr02103241
skvr02100820,skvr02103251
skvr02100380,skvr02103310
skvr02103890,skvr02103310
skvr02103640,skvr02103330
skvr07112310,skvr02103460
skvr02103060,skvr02103490
skvr02100410,skvr02103510
skvr02103100,skvr02103530
skvr02103650,skvr02103560
skvr02104010,skvr02103560
skvr02104180,skvr02103560
skvr02102750,skvr02103590
skvr02101330,skvr02103740
skvr02101160,skvr02103840
skvr02101640,skvr02103840
skvr02103850,skvr02109010
skvr02108300,skvr02103920
skvr02108770,skvr02104030
skvr02108780,skvr02104040
skvr02102670,skvr02104200
skvr02109490,skvr02104200
skvr07126260,skvr02104400
skvr07115080,skvr02104440
skvr02101300,skvr02104470
skvr02105080,skvr02104760
skvr02105090,skvr02104770
skvr02100480,skvr02104790
skvr02105490,skvr02104930
skvr02105560,skvr02104990
skvr02105200,skvr02105060
skvr02104740,skvr02105070
skvr02105740,skvr02105770
skvr02106070,skvr02105870
skvr02106321,skvr02105880
skvr02105940,skvr02106000
skvr02102710,skvr02106020
skvr02104060,skvr02106050
skvr02107180,skvr02106160
skvr02106560,skvr02106250
skvr02108940,skvr02106380
skvr02101220,skvr02106430
skvr02107990,skvr02106651
skvr02107060,skvr02106770
skvr02106590,skvr02106880
skvr02108220,skvr02106880
skvr02108690,skvr02106880
skvr02100550,skvr02106970
skvr02108280,skvr02106970
skvr02100552,skvr02106971
skvr02101200,skvr02106972
skvr02108210,skvr02106972
skvr02100551,skvr02106973
skvr02100560,skvr02106980
skvr02108290,skvr02106980
skvr02100561,skvr02106981
skvr02100570,skvr02107040
skvr02106320,skvr02107230
skvr02100700,skvr02107281
skvr02101440,skvr02107420
skvr02101870,skvr02107530
skvr02102500,skvr02107550
skvr02107880,skvr02107550
skvr02108820,skvr02107550
skvr02107890,skvr02107810
skvr02107740,skvr02107850
skvr02107980,skvr02110230
skvr02107200,skvr02108050
skvr02107220,skvr02108051
skvr02107900,skvr02108360
skvr02107170,skvr02108810
skvr02106630,skvr02108950
skvr02109520,skvr02108990
skvr02109540,skvr02108990
skvr02108010,skvr02109040
skvr02107800,skvr02109330
skvr02109590,skvr02109450
skvr02109530,skvr02109470
skvr02101880,skvr02109790
skvr02104070,skvr02109820
skvr02104071,skvr02109821
skvr02104090,skvr02109850
skvr02101910,skvr02110180
skvr02108850,skvr02110180
skvr02108860,skvr02110190
skvr02108910,skvr02110200
skvr02107970,skvr02110220
skvr02100230,skvr02110530
skvr02108750,skvr02110530
skvr02101030,skvr02110560
skvr02104080,skvr02110660
skvr02110940,skvr02110740
skvr03146070,skvr03119340
skvr03146080,skvr03119350
skvr13092110,skvr03144800
skvr13101580,skvr03146110
skvr13101690,skvr03146160
skvr04105850,skvr04142600
skvr05206581,skvr05107160
skvr05105230,skvr05108100
skvr05111580,skvr05110230
skvr05212530,skvr05112340
skvr05216650,skvr05112620
skvr05216660,skvr05112630
skvr05108930,skvr05113170
skvr05210990,skvr05113280
skvr05102840,skvr05202860
skvr05224380,skvr05209770
skvr05222710,skvr05211340
skvr05109030,skvr05212980
skvr05224470,skvr05214230
skvr05226750,skvr05216150
skvr05216960,skvr05216390
skvr05224500,skvr05216830
skvr05104750,skvr05220730
skvr06139420,skvr06138770
skvr06171730,skvr06153560
skvr07246740,skvr06160620
skvr07105690,skvr07100240
skvr07110870,skvr07100400
skvr07103540,skvr07100530
skvr07101940,skvr07100550
skvr07232940,skvr07100550
skvr07118160,skvr07100570
skvr07111780,skvr07100640
skvr07102390,skvr07100730
skvr07103780,skvr07100980
skvr07105760,skvr07101000
skvr07105820,skvr07101010
skvr07105821,skvr07101011
skvr07105830,skvr07101020
skvr07105870,skvr07101050
skvr07102780,skvr07101050
skvr07103390,skvr07101050
skvr07102790,skvr07101070
skvr07106490,skvr07101070
skvr07108500,skvr07101080
skvr07103990,skvr07101091
skvr07105890,skvr07101091
skvr07104020,skvr07101110
skvr07105900,skvr07101121
skvr07106960,skvr07101121
skvr07104030,skvr07101130
skvr07105910,skvr07101140
skvr07105911,skvr07101141
skvr07105912,skvr07101142
skvr07104140,skvr07101190
skvr07104170,skvr07101210
skvr07105920,skvr07101210
skvr07105930,skvr07101240
skvr07128590,skvr07101260
skvr07126850,skvr07101280
skvr07128610,skvr07101280
skvr07103770,skvr07101400
skvr07105550,skvr07101400
skvr07110670,skvr07101420
skvr07116470,skvr07101450
skvr07115030,skvr07101500
skvr07105170,skvr07101530
skvr07119860,skvr07101530
skvr07100190,skvr07101580
skvr07115060,skvr07101670
skvr07115070,skvr07101671
skvr07100250,skvr07101680
skvr07232510,skvr07101690
skvr07105790,skvr07101700
skvr07128620,skvr07101800
skvr07128600,skvr07101840
skvr07225820,skvr07101990
skvr07106910,skvr07102030
skvr07102450,skvr07102120
skvr07138180,skvr07102300
skvr07106610,skvr07102380
skvr07115910,skvr07102410
skvr07102540,skvr07102420
skvr07112420,skvr07102440
skvr07217880,skvr07102770
skvr07103430,skvr07102800
skvr07101120,skvr07102850
skvr07216960,skvr07103010
skvr07104300,skvr07103090
skvr07106240,skvr07103090
skvr07227550,skvr07103150
skvr07103590,skvr07103180
skvr07207370,skvr07103180
skvr07204840,skvr07103230
skvr07204700,skvr07103260
skvr07209060,skvr07103290
skvr07105680,skvr07103370
skvr07100870,skvr07103730
skvr07104930,skvr07103730
skvr07105100,skvr07103730
skvr07104410,skvr07103730
skvr07203360,skvr07103730
skvr07106600,skvr07103800
skvr07106590,skvr07103820
skvr07106620,skvr07103870
skvr07111470,skvr07104040
skvr07101160,skvr07104110
skvr07101180,skvr07104120
skvr07105060,skvr07104380
skvr07103650,skvr07104390
skvr07105080,skvr07104400
skvr07119521,skvr07104430
skvr07206650,skvr07104810
skvr07106500,skvr07104870
skvr07102640,skvr07104880
skvr07122910,skvr07104920
skvr07203390,skvr07104940
skvr07100990,skvr07104970
skvr07102620,skvr07104970
skvr07108420,skvr07105130
skvr07108430,skvr07105160
skvr07108440,skvr07105180
skvr07108450,skvr07105190
skvr07108460,skvr07105200
skvr07108470,skvr07105210
skvr07108480,skvr07105220
skvr07107470,skvr07105230
skvr07107560,skvr07105270
skvr07108540,skvr07105270
skvr07104910,skvr07105290
skvr07107590,skvr07105300
skvr07108550,skvr07105300
skvr07104510,skvr07105350
skvr07102530,skvr07105410
skvr07101360,skvr07105460
skvr07215730,skvr07105530
skvr07110490,skvr07105540
skvr07110500,skvr07105541
skvr07100660,skvr07105580
skvr07110480,skvr07105580
skvr07102700,skvr07105600
skvr07113430,skvr07105700
skvr07102720,skvr07105710
skvr07103380,skvr07105710
skvr07105770,skvr07110570
skvr07206520,skvr07105800
skvr07106710,skvr07106110
skvr07103560,skvr07106260
skvr07106850,skvr07106300
skvr07103660,skvr07106310
skvr07103250,skvr07106340
skvr07103690,skvr07106350
skvr07121950,skvr07106410
skvr07103350,skvr07106460
skvr07109280,skvr07106540
skvr07109281,skvr07106541
skvr07218030,skvr07106660
skvr07103510,skvr07106740
skvr07103040,skvr07106750
skvr07103520,skvr07106750
skvr07103050,skvr07106760
skvr07103530,skvr07106760
skvr07103151,skvr07106800
skvr07103170,skvr07106820
skvr07103600,skvr07106820
skvr07120440,skvr07106860
skvr07120430,skvr07106861
skvr07105840,skvr07106940
skvr07101030,skvr07107400
skvr07110940,skvr07107400
skvr07102860,skvr07107440
skvr07105240,skvr07107500
skvr07108520,skvr07107500
skvr07105250,skvr07107530
skvr07248520,skvr07107610
skvr07101320,skvr07107910
skvr07101330,skvr07107991
skvr07101590,skvr07108050
skvr07110020,skvr07108070
skvr07126830,skvr07108070
skvr07101340,skvr07108120
skvr07126840,skvr07108140
skvr07116610,skvr07108370
skvr07138710,skvr07108380
skvr07101350,skvr07108380
skvr07106810,skvr07108380
skvr07106870,skvr07108410
skvr07108800,skvr07108650
skvr07234360,skvr07108650
skvr07142730,skvr07108710
skvr07107020,skvr07108900
skvr07225360,skvr07109110
skvr07107580,skvr07109290
skvr07127510,skvr07109370
skvr07144530,skvr07109500
skvr07130940,skvr07110090
skvr07126832,skvr07110140
skvr07126851,skvr07110150
skvr07126870,skvr07110200
skvr07126891,skvr07110210
skvr07126890,skvr07110220
skvr07126880,skvr07110240
skvr07129110,skvr07110270
skvr07129130,skvr07110280
skvr07126500,skvr07110380
skvr07105560,skvr07110530
skvr07142510,skvr07110540
skvr07105590,skvr07110550
skvr07105730,skvr07110560
skvr07105960,skvr07111130
skvr07102340,skvr07112360
skvr07132890,skvr07112810
skvr07113030,skvr07112850
skvr07112800,skvr07112970
skvr07142640,skvr07112970
skvr07132500,skvr07112980
skvr07126910,skvr07113201
skvr06103960,skvr07113260
skvr07139450,skvr07113950
skvr07110640,skvr07114090
skvr07251490,skvr07114420
skvr07115380,skvr07115510
skvr07243770,skvr07115590
skvr07106160,skvr07115660
skvr06105370,skvr07115920
skvr07116120,skvr07115930
skvr07146190,skvr07116320
skvr07221150,skvr07116620
skvr07119250,skvr07118960
skvr07102660,skvr07121480
skvr07121590,skvr07121480
skvr07121400,skvr07122810
skvr07125020,skvr07123870
skvr07139910,skvr07125950
skvr07100030,skvr07126000
skvr07116501,skvr07127360
skvr07128490,skvr07127360
skvr07130800,skvr07127380
skvr07131130,skvr07127700
skvr07128351,skvr07128090
skvr07103980,skvr07128110
skvr07128360,skvr07128630
skvr07128390,skvr07128770
skvr07128710,skvr07128890
skvr07129361,skvr07128890
skvr07129370,skvr07128930
skvr07130080,skvr07128950
skvr07129500,skvr07129070
skvr07129190,skvr07129090
skvr07130580,skvr07129160
skvr07120900,skvr07129250
skvr07128981,skvr07129331
skvr07124490,skvr07129450
skvr07109970,skvr07129631
skvr07131590,skvr07129660
skvr07131600,skvr07129720
skvr07131610,skvr07129730
skvr07130130,skvr07129930
skvr07130140,skvr07130090
skvr07131480,skvr07130300
skvr07131660,skvr07130300
skvr07131300,skvr07130540
skvr07129610,skvr07131510
skvr07131290,skvr07131510
skvr07110510,skvr07139500
skvr06120620,skvr07140170
skvr07144680,skvr07144650
skvr07102050,skvr07200460
skvr06131500,skvr07201060
skvr06135020,skvr07201470
skvr06135910,skvr07202000
skvr07215590,skvr07202450
skvr07102550,skvr07202830
skvr07230010,skvr07202930
skvr07208820,skvr07202930
skvr07103030,skvr07202940
skvr07106150,skvr07202940
skvr07100950,skvr07203040
skvr07100951,skvr07203041
skvr07208840,skvr07203041
skvr07218320,skvr07203080
skvr07231850,skvr07203150
skvr07123610,skvr07203270
skvr07110610,skvr07203370
skvr07207820,skvr07203500
skvr07207840,skvr07203510
skvr07100910,skvr07203850
skvr07208030,skvr07203850
skvr07217910,skvr07203850
skvr07218020,skvr07203890
skvr07102870,skvr07203910
skvr07218140,skvr07204000
skvr06134150,skvr07204130
skvr07208530,skvr07204290
skvr07208420,skvr07204300
skvr07220940,skvr07204300
skvr07102740,skvr07204330
skvr07105010,skvr07204360
skvr07111720,skvr07204610
skvr07208850,skvr07204610
skvr07208910,skvr07204691
skvr07213580,skvr07204720
skvr07218330,skvr07204740
skvr07227760,skvr07204740
skvr07208970,skvr07204750
skvr07209050,skvr07204830
skvr06136500,skvr07205240
skvr07102670,skvr07206040
skvr07100880,skvr07206110
skvr07220660,skvr07206230
skvr07202390,skvr07206320
skvr07207750,skvr07206320
skvr07202500,skvr07206330
skvr07203660,skvr07206440
skvr07218060,skvr07206780
skvr07220760,skvr07206780
skvr07102980,skvr07207090
skvr07216950,skvr07207170
skvr07203320,skvr07207680
skvr07203340,skvr07207700
skvr07203420,skvr07207760
skvr07203460,skvr07207810
skvr07102710,skvr07207860
skvr07203630,skvr07207880
skvr07102830,skvr07208070
skvr07229980,skvr07208140
skvr07218050,skvr07208140
skvr07229970,skvr07208190
skvr07203940,skvr07208200
skvr07204080,skvr07208320
skvr07204210,skvr07208430
skvr07204280,skvr07208500
skvr07207600,skvr07209540
skvr07127980,skvr07209970
skvr07208110,skvr07210010
skvr07217720,skvr07210090
skvr07229950,skvr07210260
skvr07207780,skvr07210260
skvr07217770,skvr07210350
skvr07220610,skvr07210350
skvr07220650,skvr07210360
skvr07223370,skvr07210550
skvr07220690,skvr07210620
skvr07220700,skvr07210680
skvr07220730,skvr07210790
skvr07220330,skvr07210900
skvr07220790,skvr07210900
skvr07220800,skvr07211060
skvr07220830,skvr07211070
skvr07108240,skvr07211100
skvr07252420,skvr07211170
skvr07218170,skvr07211250
skvr07208350,skvr07211250
skvr07220860,skvr07211250
skvr07220950,skvr07211550
skvr07208290,skvr07212890
skvr06133210,skvr07213510
skvr06133220,skvr07213520
skvr06133190,skvr07213610
skvr06136490,skvr07213650
skvr06136520,skvr07213660
skvr06132020,skvr07213890
skvr07221160,skvr07214130
skvr06134300,skvr07214310
skvr06137530,skvr07214450
skvr06137540,skvr07214460
skvr06138510,skvr07215080
skvr07220570,skvr07215510
skvr07200640,skvr07215640
skvr07216520,skvr07215690
skvr07200700,skvr07215710
skvr07116870,skvr07215710
skvr07115000,skvr07215710
skvr07216220,skvr07215950
skvr07217700,skvr07215960
skvr07220560,skvr07215970
skvr07221180,skvr07215970
skvr07217060,skvr07216050
skvr07217090,skvr07216150
skvr07220580,skvr07216300
skvr07227830,skvr07216340
skvr07200890,skvr07216350
skvr07200650,skvr07216370
skvr07220180,skvr07216370
skvr07216550,skvr07216560
skvr07217930,skvr07216560
skvr07220780,skvr07216590
skvr07220840,skvr07216650
skvr07218350,skvr07217290
skvr07200850,skvr07217420
skvr07106640,skvr07217580
skvr07200730,skvr07217580
skvr07216570,skvr07217580
skvr07215760,skvr07217580
skvr07218570,skvr07217620
skvr07218580,skvr07217630
skvr07105950,skvr07217760
skvr07200710,skvr07217970
skvr07251980,skvr07218530
skvr07230090,skvr07218690
skvr07216660,skvr07218840
skvr07224640,skvr07219020
skvr07216580,skvr07219160
skvr07220770,skvr07219160
skvr07218110,skvr07219190
skvr06141710,skvr07219610
skvr07232800,skvr07219760
skvr07225910,skvr07219780
skvr07225920,skvr07219790
skvr07217310,skvr07220090
skvr07217120,skvr07220220
skvr07218010,skvr07220740
skvr07218040,skvr07220750
skvr07230020,skvr07221100
skvr07218250,skvr07221100
skvr07226030,skvr07221370
skvr07225940,skvr07221930
skvr07249550,skvr07222340
skvr07215790,skvr07222340
skvr07249580,skvr07222900
skvr07249590,skvr07222910
skvr07249640,skvr07222920
skvr07229420,skvr07223200
skvr06134820,skvr07223760
skvr07247790,skvr07224090
skvr07217730,skvr07225270
skvr07229930,skvr07225280
skvr07229920,skvr07225290
skvr07229940,skvr07225320
skvr07221530,skvr07226230
skvr07231570,skvr07226380
skvr07115860,skvr07226910
skvr07116530,skvr07227100
skvr07115870,skvr07227100
skvr07202610,skvr07227280
skvr07204370,skvr07227290
skvr07106970,skvr07227520
skvr07106971,skvr07227580
skvr07218120,skvr07228300
skvr07216930,skvr07228780
skvr07250150,skvr07229200
skvr07218080,skvr07230320
skvr07208980,skvr07231350
skvr06150380,skvr07236390
skvr07200310,skvr07238140
skvr07220200,skvr07238990
skvr06153980,skvr07239710
skvr06154020,skvr07239760
skvr07204870,skvr07242360
skvr07117501,skvr07243380
skvr07221120,skvr07243710
skvr06159210,skvr07244590
skvr07215820,skvr07247180
skvr06161060,skvr07247190
skvr07113200,skvr07248490
skvr07116790,skvr07248490
skvr07128310,skvr07248490
skvr07106570,skvr07248510
skvr07217740,skvr07248530
skvr07206200,skvr07248580
skvr07206390,skvr07248730
skvr07220230,skvr07249940
skvr07220240,skvr07249950
skvr09110510,skvr08118840
skvr08148550,skvr08128830
skvr08134780,skvr08149320
skvr10100770,skvr09100570
skvr14107550,skvr09112840
skvr14109080,skvr09114480
skvr14122540,skvr09300670
skvr14122560,skvr09301130
skvr14122780,skvr09302470
skvr14123620,skvr09303530
skvr14124430,skvr09305460
skvr14121080,skvr09307140
skvr14121560,skvr09308180
skvr14121580,skvr09308620
skvr14124920,skvr09310110
skvr14126840,skvr09315490
skvr14128390,skvr09318010
skvr10110021,skvr10100460
skvr10115551,skvr10100940
skvr10106290,skvr10106082
skvr10106280,skvr10106083
skvr10110140,skvr10110171
skvr10113580,skvr10112270
skvr11105720,skvr10120550
skvr10121521,skvr10122030
skvr10122761,skvr10122430
skvr10122801,skvr10122520
skvr10122031,skvr10122620
skvr10122802,skvr10122620
skvr10122921,skvr10123480
skvr10125310,skvr10125280
skvr10138150,skvr10127730
skvr10130720,skvr10130640
skvr10124051,skvr10130731
skvr10138121,skvr10131250
skvr10132691,skvr10132960
skvr10146121,skvr10133130
skvr10138541,skvr10136680
skvr10121430,skvr10136871
skvr10137771,skvr10137880
skvr10134281,skvr10138010
skvr11111150,skvr10138620
skvr10136771,skvr10138630
skvr10130721,skvr10139341
skvr10139870,skvr10140370
skvr11119970,skvr10140740
skvr10141130,skvr10141100
skvr10140791,skvr10142170
skvr10143110,skvr10142570
skvr10145850,skvr10142570
skvr10141891,skvr10143300
skvr10121191,skvr10143340
skvr10144051,skvr10143370
skvr10144281,skvr10143380
skvr10143371,skvr10144170
skvr10144641,skvr10145310
skvr10140501,skvr10145370
skvr10141861,skvr10145370
skvr10145371,skvr10145420
skvr10127430,skvr10146470
skvr10145900,skvr10146470
skvr10149600,skvr10149430
skvr10140751,skvr10151520
skvr10120951,skvr10152020
skvr10151340,skvr10152020
skvr11105770,skvr10152090
skvr11105750,skvr10152121
skvr10148230,skvr10152650
skvr10148250,skvr10152760
skvr10133620,skvr10154670
skvr10107050,skvr11100800
skvr10108380,skvr11101330
skvr10104680,skvr11101550
skvr10105160,skvr11101560
skvr10109490,skvr11103630
skvr11106300,skvr11111840
skvr12142120,skvr12100430
skvr12142150,skvr12100490
skvr12142410,skvr12100550
skvr12182500,skvr12112200
skvr12182820,skvr12119170
skvr12182980,skvr12121740
skvr12183400,skvr12128480
skvr12184060,skvr12132920
skvr12175400,skvr12138170
skvr12185170,skvr12145620
skvr12172250,skvr12149720
skvr12179470,skvr12154530
skvr12186880,skvr12166140
skvr12167880,skvr12167351
skvr12186950,skvr12168060
skvr12170900,skvr12169920
skvr12171010,skvr12169920
skvr12174890,skvr12175020
skvr12176550,skvr12176530
skvr13046830,skvr13036790
skvr13110880,skvr13099050
skvr03146340,skvr13100720
skvr14114440,skvr13120020
skvr14120880,skvr13128400
skvr14102540,skvr13132960
skvr09100050,skvr14100220
skvr09103730,skvr14102420
skvr09117990,skvr14103030
skvr09120970,skvr14103950
skvr09120980,skvr14103960
skvr09131500,skvr14104670
skvr09110490,skvr14106340
skvr09116180,skvr14107360
skvr09113300,skvr14107450
skvr09113290,skvr14107470
skvr09112200,skvr14107510
skvr09111990,skvr14107580
skvr09113280,skvr14108070
skvr09115440,skvr14108620
skvr09115430,skvr14108740
skvr09120320,skvr14109530
skvr09107480,skvr14110460
skvr09106280,skvr14110970
skvr09119780,skvr14114200
skvr09105550,skvr14114750
skvr09124870,skvr14115590
skvr09124860,skvr14115610
skvr09126250,skvr14115800
skvr09123350,skvr14116140
skvr09133870,skvr14116610
skvr09126850,skvr14117110
skvr09130490,skvr14119180
skvr09307620,skvr14121150
skvr09308650,skvr14121730
skvr09306600,skvr14122140
skvr09306590,skvr14122160
skvr09301320,skvr14122470
skvr09302980,skvr14122970
skvr09302880,skvr14122980
skvr09312400,skvr14123310
skvr09312390,skvr14123330
skvr09303280,skvr14123540
skvr09303600,skvr14123710
skvr09304560,skvr14123940
skvr09305120,skvr14124180
skvr09312090,skvr14125620
skvr09315000,skvr14126650
skvr09316660,skvr14127520
skvr09318570,skvr14128280
skvr01111230,skvr15104170
skvr01111840,skvr15104170
skvr09119860,skvr14114210
skvr01106451,skvr01100833
skvr01106540,skvr01101030
skvr01101840,skvr01102590
skvr01106350,skvr01103040
skvr01101250,skvr01103290
skvr01206500,skvr01103350
skvr01100770,skvr01104100
skvr01100771,skvr01104101
skvr01102710,skvr01106460
skvr01103621,skvr01107592
skvr01101240,skvr01114670
skvr12156130,skvr01207140
skvr07139531,skvr07102500
skvr07102750,skvr07105810
skvr07129630,skvr07109990
skvr07129150,skvr07110310
skvr13016230,skvr07115470
skvr13018800,skvr07116140
skvr13021030,skvr07117930
skvr13019840,skvr07119340
skvr13019790,skvr07120140
skvr13021300,skvr07121410
skvr13022850,skvr07121430
skvr13037500,skvr07124920
skvr13025820,skvr07126190
skvr13061780,skvr07135580
skvr13058940,skvr07136150
skvr13085030,skvr07201030
skvr13086220,skvr07201980
skvr06100390,skvr07204490
skvr13094550,skvr07205070
skvr07218070,skvr07208180
skvr13086970,skvr07208310
skvr07228270,skvr07208440
skvr07106630,skvr07209820
skvr13088260,skvr07211200
skvr13101670,skvr07230820
skvr13095440,skvr07235210
skvr07132630,skvr07239582
skvr07210670,skvr07241650
skvr13099960,skvr07246990
skvr12100960,skvr12179210
